experiment,system,config,nodes,size_bytes,file_count,repeat,t0,ingest_s,propagation_s,fanout_s,converged,distinct_hashes,nofile,loadavg,arrivals
A,syncfs,default,2,1073741824,1,0,1788090777.969793,0.5005,9.5038,9.0032,True,1,1048576,0.6,"{""sfs1"": 0.5005, ""sfs2"": 9.5038}"
A,syncfs,default,2,1073741824,1,1,1788090787.819276,0.5003,7.0019,6.5016,True,1,1048576,0.96,"{""sfs1"": 0.5003, ""sfs2"": 7.0019}"
A,syncfs,default,2,1073741824,1,2,1788090798.6665483,0.5004,8.0027,7.5023,True,1,1048576,0.97,"{""sfs1"": 0.5004, ""sfs2"": 8.0027}"
A,syncfs,default,2,4294967296,1,0,1788090854.4642463,2.0007,45.0137,43.0131,True,1,1048576,0.9,"{""sfs1"": 2.0007, ""sfs2"": 45.0137}"
A,syncfs,default,2,4294967296,1,1,1788090902.747691,3.0009,37.5126,34.5117,True,1,1048576,1.05,"{""sfs1"": 3.0009, ""sfs2"": 37.5126}"
A,syncfs,default,2,4294967296,1,2,1788090953.541278,2.5008,30.0079,27.5071,True,1,1048576,1.39,"{""sfs1"": 2.5008, ""sfs2"": 30.0079}"
A,syncfs,default,4,1073741824,1,0,1788091000.5784857,0.5006,17.0059,16.5053,True,1,1048576,1.48,"{""sfs1"": 0.5006, ""sfs2"": 14.0046, ""sfs4"": 14.0046, ""sfs3"": 17.0059}"
A,syncfs,default,4,1073741824,1,1,1788091039.9586685,0.5005,15.5047,15.0041,True,1,1048576,1.43,"{""sfs1"": 0.5005, ""sfs4"": 12.0039, ""sfs2"": 14.5044, ""sfs3"": 15.5047}"
A,syncfs,default,4,1073741824,1,2,1788091090.3422139,0.5004,16.5057,16.0052,True,1,1048576,1.38,"{""sfs1"": 0.5004, ""sfs2"": 14.0048, ""sfs4"": 14.5051, ""sfs3"": 16.5057}"
A,syncfs,default,4,4294967296,1,0,1788091181.6961226,1.5008,60.5161,59.0153,True,1,1048576,1.42,"{""sfs1"": 1.5008, ""sfs4"": 55.515, ""sfs3"": 60.016, ""sfs2"": 60.5161}"
A,syncfs,default,4,4294967296,1,1,1788091300.12694,1.5007,60.5163,59.0155,True,1,1048576,1.27,"{""sfs1"": 1.5007, ""sfs2"": 59.5161, ""sfs3"": 59.5161, ""sfs4"": 60.5163}"
A,syncfs,default,4,4294967296,1,2,1788091405.1213353,1.5007,58.0144,56.5137,True,1,1048576,1.41,"{""sfs1"": 1.5007, ""sfs3"": 54.5137, ""sfs2"": 55.514, ""sfs4"": 58.0144}"
A,syncfs,default,10,1073741824,1,0,1788091491.8885093,0.5008,24.0103,23.5094,True,1,1048576,1.38,"{""sfs1"": 0.5008, ""sfs8"": 19.0082, ""sfs5"": 21.0091, ""sfs4"": 21.5095, ""sfs6"": 22.0097, ""sfs7"": 22.0098, ""sfs10"": 22.0098, ""sfs9"": 22.5099, ""sfs2"": 23.5101, ""sfs3"": 24.0103}"
A,syncfs,default,10,1073741824,1,1,1788091611.3851116,0.5005,22.5078,22.0073,True,1,1048576,1.29,"{""sfs1"": 0.5005, ""sfs8"": 18.0065, ""sfs10"": 19.507, ""sfs4"": 20.0071, ""sfs9"": 20.0071, ""sfs7"": 21.0074, ""sfs3"": 21.5075, ""sfs2"": 22.0076, ""sfs5"": 22.0076, ""sfs6"": 22.5078}"
A,syncfs,default,10,1073741824,1,2,1788091732.8861623,0.5006,24.5088,24.0082,True,1,1048576,1.32,"{""sfs1"": 0.5006, ""sfs8"": 21.0076, ""sfs9"": 21.508, ""sfs5"": 22.0081, ""sfs6"": 23.0085, ""sfs7"": 23.0085, ""sfs3"": 24.0087, ""sfs4"": 24.0087, ""sfs10"": 24.0087, ""sfs2"": 24.5088}"
A,syncfs,default,10,4294967296,1,0,1788092404.0902736,1.5013,109.0369,107.5356,True,1,1048576,1.38,"{""sfs1"": 1.5013, ""sfs5"": 99.0342, ""sfs9"": 99.5344, ""sfs4"": 103.0353, ""sfs8"": 107.0364, ""sfs6"": 107.5365, ""sfs7"": 107.5365, ""sfs2"": 108.0366, ""sfs3"": 108.5368, ""sfs10"": 109.0369}"
A,syncfs,default,10,4294967296,1,1,1788092707.302885,1.501,115.5355,114.0346,True,1,1048576,1.57,"{""sfs1"": 1.501, ""sfs7"": 101.5318, ""sfs3"": 105.5328, ""sfs5"": 106.033, ""sfs6"": 110.0342, ""sfs9"": 112.5349, ""sfs10"": 113.035, ""sfs8"": 113.5351, ""sfs4"": 114.5353, ""sfs2"": 115.5355}"
A,syncfs,default,10,4294967296,1,2,1788093007.53343,1.5019,113.0351,111.5332,True,1,1048576,1.38,"{""sfs1"": 1.5019, ""sfs4"": 106.0331, ""sfs3"": 108.0337, ""sfs8"": 108.0337, ""sfs6"": 109.034, ""sfs7"": 109.5341, ""sfs5"": 110.5345, ""sfs9"": 111.0346, ""sfs10"": 111.0347, ""sfs2"": 113.0351}"
A,syncfs,default,20,1073741824,1,0,1788093200.0945032,0.5014,57.0333,56.5319,True,1,1048576,1.39,"{""sfs1"": 0.5014, ""sfs10"": 52.5317, ""sfs19"": 52.5318, ""sfs11"": 53.032, ""sfs16"": 53.5322, ""sfs14"": 54.0324, ""sfs20"": 54.0324, ""sfs5"": 54.5325, ""sfs7"": 55.0326, ""sfs9"": 55.0327, ""sfs12"": 55.0327, ""sfs17"": 55.0327, ""sfs4"": 55.5328, ""sfs18"": 55.5328, ""sfs15"": 56.033, ""sfs2"": 56.5331, ""sfs3"": 56.5331, ""sfs6"": 56.5331, ""sfs13"": 56.5332, ""sfs8"": 57.0333}"
A,syncfs,default,20,1073741824,1,1,1788093373.2981684,0.5009,34.0195,33.5187,True,1,1048576,8.17,"{""sfs1"": 0.5009, ""sfs4"": 31.5186, ""sfs9"": 31.5187, ""sfs11"": 31.5187, ""sfs2"": 32.0189, ""sfs3"": 32.0189, ""sfs5"": 32.0189, ""sfs17"": 32.5191, ""sfs18"": 32.5191, ""sfs6"": 33.0192, ""sfs7"": 33.0193, ""sfs8"": 33.0193, ""sfs20"": 33.0193, ""sfs10"": 33.5194, ""sfs16"": 33.5194, ""sfs19"": 33.5194, ""sfs12"": 34.0195, ""sfs13"": 34.0195, ""sfs14"": 34.0195, ""sfs15"": 34.0195}"
A,syncfs,default,20,1073741824,1,2,1788093546.994662,0.5009,33.5179,33.017,True,1,1048576,2.25,"{""sfs1"": 0.5009, ""sfs10"": 30.0164, ""sfs14"": 30.0165, ""sfs2"": 30.5166, ""sfs11"": 30.5167, ""sfs19"": 30.5167, ""sfs4"": 31.0168, ""sfs6"": 31.5171, ""sfs8"": 31.5171, ""sfs12"": 31.5171, ""sfs18"": 31.5172, ""sfs9"": 32.0173, ""sfs15"": 32.0173, ""sfs7"": 32.5176, ""sfs17"": 32.5176, ""sfs3"": 33.0177, ""sfs16"": 33.0178, ""sfs20"": 33.0178, ""sfs5"": 33.5179, ""sfs13"": 33.5179}"
A,syncfs,default,20,4294967296,1,0,1788094033.167374,1.5016,206.0887,204.5871,True,1,1048576,2.2,"{""sfs1"": 1.5016, ""sfs11"": 184.0817, ""sfs12"": 189.0834, ""sfs13"": 189.5836, ""sfs15"": 191.0841, ""sfs20"": 191.0842, ""sfs9"": 195.5856, ""sfs18"": 196.0858, ""sfs16"": 196.586, ""sfs3"": 197.5862, ""sfs4"": 197.5862, ""sfs17"": 199.0866, ""sfs5"": 200.5871, ""sfs14"": 200.5871, ""sfs2"": 201.5875, ""sfs10"": 201.5876, ""sfs7"": 203.5881, ""sfs8"": 205.0885, ""sfs19"": 205.0885, ""sfs6"": 206.0887}"
A,syncfs,default,20,4294967296,1,1,1788094538.2080326,1.5011,215.6043,214.1032,True,1,1048576,1.63,"{""sfs1"": 1.5011, ""sfs4"": 182.5839, ""sfs7"": 185.0962, ""sfs6"": 186.5967, ""sfs16"": 188.0974, ""sfs20"": 188.5976, ""sfs15"": 189.5979, ""sfs12"": 190.098, ""sfs2"": 191.0988, ""sfs13"": 191.0989, ""sfs9"": 191.599, ""sfs5"": 192.5993, ""sfs8"": 192.5993, ""sfs17"": 192.5993, ""sfs10"": 195.6, ""sfs11"": 198.1006, ""sfs18"": 203.1018, ""sfs3"": 206.1025, ""sfs14"": 207.6028, ""sfs19"": 215.6043}"
A,syncfs,default,20,4294967296,1,2,1788095025.9015517,1.5058,214.6051,213.0992,True,1,1048576,1.38,"{""sfs1"": 1.5058, ""sfs18"": 177.5913, ""sfs3"": 180.0958, ""sfs15"": 181.0965, ""sfs9"": 183.0971, ""sfs12"": 183.5973, ""sfs5"": 184.0975, ""sfs8"": 184.5977, ""sfs13"": 185.598, ""sfs7"": 186.0981, ""sfs20"": 186.5983, ""sfs2"": 187.0984, ""sfs11"": 187.5985, ""sfs10"": 188.0987, ""sfs14"": 188.0987, ""sfs17"": 193.6, ""sfs6"": 197.6014, ""sfs4"": 200.102, ""sfs19"": 214.105, ""sfs16"": 214.6051}"
A,bucketfs,default,2,1073741824,1,0,1788095207.3086534,2.5027,11.5053,9.0026,True,1,,1.13,"{""n11"": 2.5027, ""n12"": 11.5053}"
A,bucketfs,default,2,1073741824,1,1,1788095222.0561733,1.5006,11.5031,10.0025,True,1,,1.32,"{""n11"": 1.5006, ""n12"": 11.5031}"
A,bucketfs,default,2,1073741824,1,2,1788095236.0027936,2.0009,10.5033,8.5024,True,1,,1.11,"{""n11"": 2.0009, ""n12"": 10.5033}"
A,bucketfs,default,2,4294967296,1,0,1788095288.548499,5.0015,41.0124,36.0109,True,1,,0.95,"{""n11"": 5.0015, ""n12"": 41.0124}"
A,bucketfs,default,2,4294967296,1,1,1788095340.7098482,5.0018,41.0132,36.0114,True,1,,1.25,"{""n11"": 5.0018, ""n12"": 41.0132}"
A,bucketfs,default,2,4294967296,1,2,1788095392.0672965,5.0014,40.0122,35.0107,True,1,,1.33,"{""n11"": 5.0014, ""n12"": 40.0122}"
A,bucketfs,default,4,1073741824,1,0,1788095459.234503,1.5007,34.5105,33.0097,True,1,,1.25,"{""n11"": 1.5007, ""n12"": 13.5042, ""n13"": 23.5071, ""n14"": 34.5105}"
A,bucketfs,default,4,1073741824,1,1,1788095495.2194304,1.5007,31.5085,30.0078,True,1,,1.28,"{""n11"": 1.5007, ""n12"": 11.5032, ""n13"": 20.5054, ""n14"": 31.5085}"
A,bucketfs,default,4,1073741824,1,2,1788095530.20366,1.5006,30.5081,29.0075,True,1,,1.15,"{""n11"": 1.5006, ""n12"": 10.5029, ""n13"": 19.5054, ""n14"": 30.5081}"
A,bucketfs,default,4,4294967296,1,0,1788095664.9027786,5.0016,119.0323,114.0307,True,1,,1.21,"{""n11"": 5.0016, ""n12"": 41.0115, ""n13"": 75.0216, ""n14"": 119.0323}"
A,bucketfs,default,4,4294967296,1,1,1788095802.2019122,5.0016,122.032,117.0304,True,1,,1.04,"{""n11"": 5.0016, ""n12"": 41.011, ""n13"": 79.0212, ""n14"": 122.032}"
A,bucketfs,default,4,4294967296,1,2,1788095936.5061698,5.5017,119.0333,113.5315,True,1,,0.72,"{""n11"": 5.5017, ""n12"": 42.0112, ""n13"": 79.0214, ""n14"": 119.0333}"
